"field","react","react_keys","angular1","angular1_trackby","angular2"
"MajorGC",15.734999974568685,24.31220022837321,464.3539290257863,28.07660002708435,224.1002668062846
"MinorGC",170.7810668627421,164.92206656138103,1199.330928683281,308.38860001564024,630.0073998769125
"Layout",1275.1816002209982,1258.9484001954397,276.4489999668939,456.95159996350606,370.41146688461305
"Paint",636.0751335779826,632.0879999955495,76.72578564711979,131.08493347167968,85.45313329696656
"droppedFrameCount",579.9333333333333,585.3333333333334,734.8666666666667,587.8666666666667,625
"frames_per_sec",48.15073627239564,47.910376131676294,31.364952941096423,43.90714689045083,43.011578479661146
"domReadyTime",33.333333333333336,33.333333333333336,512,543.2666666666667,32.13333333333333
"Javascript",6828.891466649374,6926.050266933441,12045.865600792567,8485.411600255966,8541.666399558386